<?xml version="1.0" encoding="UTF-8"?>
<RAD_FUNCTIONS><FUNCTION_ID>GLRGLSTM</FUNCTION_ID><FUNCTION_TYPE>P</FUNCTION_TYPE><FUNCTION_CATEGORY>REPORT</FUNCTION_CATEGORY><FUNCTION_ORIGIN>CUSTOM</FUNCTION_ORIGIN><PARENT_FUNC_ID/><PARENT_MODULE_ID/><PARENT_ORIGIN/><HEADER_TEMPLATE>NONE</HEADER_TEMPLATE><FOOTER_TEMPLATE>NONE</FOOTER_TEMPLATE><ACTION>LOAD</ACTION><RELEASE_TYPE>CUSTOM</RELEASE_TYPE><CALL_FORM_TYPE>DATA</CALL_FORM_TYPE><LANG_CODE>ENG</LANG_CODE><OPERATION>GENERATE</OPERATION><ORIGINATION_DATE/><USER_ID>RADTOOL</USER_ID><RELEASE_CODE/><SFR_NO/><CHECKIN_MODE/><SITE_CODE/><SUB_PROJECT/><DDL_REMARKS/><MODIFIED_IN_KERNEL>N</MODIFIED_IN_KERNEL><MODIFIED_IN_CLUSTER>N</MODIFIED_IN_CLUSTER><MODIFIED_IN_CUSTOM>Y</MODIFIED_IN_CUSTOM><MODIFIED_IN_CUSTOMER>N</MODIFIED_IN_CUSTOMER><PARENT_MODIFIED_IN_KERNEL>N</PARENT_MODIFIED_IN_KERNEL><PARENT_MODIFIED_IN_CLUSTER>N</PARENT_MODIFIED_IN_CLUSTER><PARENT_MODIFIED_IN_CUSTOM>N</PARENT_MODIFIED_IN_CUSTOM><PARENT_MODIFIED_IN_CUSTOMER>N</PARENT_MODIFIED_IN_CUSTOMER><TEMP_CORRECTION_DONE>Y</TEMP_CORRECTION_DONE><ORDER_CORRECTION_DONE>D</ORDER_CORRECTION_DONE><XSD_COMMENTS_DEFAULT>N</XSD_COMMENTS_DEFAULT><SVN_USER/><SVN_PASS/><DELET_OLDNODES_DONE>Y</DELET_OLDNODES_DONE><RAD_KERNEL/><RAD_CUSTOM><RAD_FUNC_PREFERENCES ID="MENU"><MODULE_ID>GL</MODULE_ID><MODULE_DESC>Gen Led</MODULE_DESC><AUTO_AUTH>N</AUTO_AUTH><HO_FUNCTION>N</HO_FUNCTION><LOGGING_REQD>N</LOGGING_REQD><FIELD_LOG_REQD>N</FIELD_LOG_REQD><BRANCH_PROGRAM_ID/><PROCESS_CODE/><TANK_MODIFICATIONS>N</TANK_MODIFICATIONS><VCS_FOLDER/><TXN_BLOCK_NAME/><TXN_FIELD_NAME/><SRC_BLOCK_NAME/><SRC_FIELD_NAME/><MULTI_BRANCH_ACCESS>N</MULTI_BRANCH_ACCESS><EXPORT_REQD>N</EXPORT_REQD><ELCM_FUNCTION>N</ELCM_FUNCTION><JAVA_PAYEMNTS_FUNCTION/><MODULE_GROUP_ID/><MODULE_AUTO_AUTH>N</MODULE_AUTO_AUTH><GW_FUNCTION>N</GW_FUNCTION><MENU_DETAILS ID="GLRGLSTM"><FUNCTION_ID>GLRGLSTM</FUNCTION_ID><LBL_FUNCTION_DESC/><FUNC_MODULE_ID>GL</FUNC_MODULE_ID><FUNCTION_DESC/><CONTROL_STRING>0000001100000011</CONTROL_STRING><LBL_FUNC_MODULE_DESC/><FUNC_MODULE_DESC>Gen Led</FUNC_MODULE_DESC></MENU_DETAILS></RAD_FUNC_PREFERENCES><RAD_DATASOURCES ID="CSTB_UI_COLUMNS"><DATASRC_NAME>CSTB_UI_COLUMNS</DATASRC_NAME><DATASRC_ALIAS/><PARENT_DATASRC/><RELATION_WITH_PARENT/><RELATION_TYPE>1</RELATION_TYPE><DEFAULT_WHERE/><IS_MANDATORY>N</IS_MANDATORY><MULTI_RECORD>N</MULTI_RECORD><MASTER_DATASRC>Y</MASTER_DATASRC><PK_COLS>CHAR_FIELD1</PK_COLS><PK_TYPES>VARCHAR2</PK_TYPES><DEFAULT_ORDER_BY/><DATASRC_TYPE>NORMAL</DATASRC_TYPE><CHILD_DATASRC>N</CHILD_DATASRC><RELEASE_TYPE>CUSTOM</RELEASE_TYPE><RELEASE_NAME>FCUBS_14.7.0.8.0_AIIB_Custom</RELEASE_NAME><UPLOAD_TABLE/><UP_TBL_PK_COLS/><UP_TBL_WHERE_CLAUSE/><REST_BLK_NAME/><REST_RELATION_TYPE/><REST_PK_COLS/><REST_PK_TYPES/><REST_RELATION_WITH_PARENT/><REST_XSD_NODE/><RAD_FIELDS ID="CHAR_FIELD1"><COLUMN_NAME>CHAR_FIELD1</COLUMN_NAME><DATATYPE>VARCHAR2</DATATYPE><MAX_LENGTH>1000</MAX_LENGTH><BLOCK_NAME>BLK_MAIN</BLOCK_NAME><RELEASE_TYPE>CUSTOM</RELEASE_TYPE><RELEASE_NAME>FCUBS_14.7.0.8.0_AIIB_Custom</RELEASE_NAME><FIELD_NAME>PM_AC_NO</FIELD_NAME><NOT_REQD_IN_UPLOAD_PKGS>N</NOT_REQD_IN_UPLOAD_PKGS><UPLD_TABLE_COLUMN/><MAX_DECIMALS/></RAD_FIELDS><RAD_FIELDS ID="CHAR_FIELD11"><COLUMN_NAME>CHAR_FIELD11</COLUMN_NAME><DATATYPE>VARCHAR2</DATATYPE><MAX_LENGTH>1000</MAX_LENGTH><BLOCK_NAME>BLK_MAIN</BLOCK_NAME><RELEASE_TYPE>CUSTOM</RELEASE_TYPE><RELEASE_NAME>FCUBS_14.7.0.8.0_AIIB_Custom</RELEASE_NAME><FIELD_NAME>PM_AC_BRANCH</FIELD_NAME><NOT_REQD_IN_UPLOAD_PKGS>N</NOT_REQD_IN_UPLOAD_PKGS><UPLD_TABLE_COLUMN/><MAX_DECIMALS/></RAD_FIELDS><RAD_FIELDS ID="CHAR_FIELD12"><COLUMN_NAME>CHAR_FIELD12</COLUMN_NAME><DATATYPE>VARCHAR2</DATATYPE><MAX_LENGTH>1000</MAX_LENGTH><BLOCK_NAME>BLK_MAIN</BLOCK_NAME><RELEASE_TYPE>CUSTOM</RELEASE_TYPE><RELEASE_NAME>FCUBS_14.7.0.8.0_AIIB_Custom</RELEASE_NAME><FIELD_NAME>PM_FROM_DATE</FIELD_NAME><NOT_REQD_IN_UPLOAD_PKGS>N</NOT_REQD_IN_UPLOAD_PKGS><UPLD_TABLE_COLUMN/><MAX_DECIMALS/></RAD_FIELDS><RAD_FIELDS ID="CHAR_FIELD13"><COLUMN_NAME>CHAR_FIELD13</COLUMN_NAME><DATATYPE>VARCHAR2</DATATYPE><MAX_LENGTH>1000</MAX_LENGTH><BLOCK_NAME>BLK_MAIN</BLOCK_NAME><RELEASE_TYPE>CUSTOM</RELEASE_TYPE><RELEASE_NAME>FCUBS_14.7.0.8.0_AIIB_Custom</RELEASE_NAME><FIELD_NAME>PM_TO_DATE</FIELD_NAME><NOT_REQD_IN_UPLOAD_PKGS>N</NOT_REQD_IN_UPLOAD_PKGS><UPLD_TABLE_COLUMN/><MAX_DECIMALS/></RAD_FIELDS><RAD_FIELDS ID="CHAR_FIELD14"><COLUMN_NAME>CHAR_FIELD14</COLUMN_NAME><DATATYPE>VARCHAR2</DATATYPE><MAX_LENGTH>1000</MAX_LENGTH><BLOCK_NAME>BLK_MAIN</BLOCK_NAME><RELEASE_TYPE>CUSTOM</RELEASE_TYPE><RELEASE_NAME>FCUBS_14.7.0.8.0_AIIB_Custom</RELEASE_NAME><FIELD_NAME>PM_AC_CCY</FIELD_NAME><NOT_REQD_IN_UPLOAD_PKGS>N</NOT_REQD_IN_UPLOAD_PKGS><UPLD_TABLE_COLUMN/><MAX_DECIMALS/></RAD_FIELDS></RAD_DATASOURCES><RAD_SCREENS ID="CVS_MAIN"><SCREEN_NAME>CVS_MAIN</SCREEN_NAME><SCREEN_TITLE/><SCREEN_POSITION>TEMPLATE</SCREEN_POSITION><EXIT_BUTTON_TYPE>2</EXIT_BUTTON_TYPE><MAIN_SCREEN>Y</MAIN_SCREEN><SCREEN_SIZE>MEDIUM</SCREEN_SIZE><RELEASE_TYPE>CUSTOM</RELEASE_TYPE><RELEASE_NAME>FCUBS_14.7.0.8.0_AIIB_Custom</RELEASE_NAME><SCREEN_VISIBLE>Y</SCREEN_VISIBLE><SCREEN_OBIEE>N</SCREEN_OBIEE><SCREEN_QUERYREQ>Y</SCREEN_QUERYREQ><IMGFLD_QUERYREQ>N</IMGFLD_QUERYREQ><HEADER ID="HEADER"><TAB_VISIBLE>Y</TAB_VISIBLE><DEPENDENT_ON/><RELEASE_TYPE/><RELEASE_NAME/><TAB_TYPE>SERVICE</TAB_TYPE><TAB_LABEL/><TAB_NAME/><SCREEN_NAME/><RAD_TABS ID="TAB_HEADER"><TAB_NAME>TAB_HEADER</TAB_NAME><SCREEN_NAME>CVS_MAIN</SCREEN_NAME><TAB_LABEL/><RELEASE_TYPE>CUSTOM</RELEASE_TYPE><RELEASE_NAME>FCUBS_14.7.0.8.0_AIIB_Custom</RELEASE_NAME><DEPENDENT_ON/><TAB_TYPE/><TAB_VISIBLE>Y</TAB_VISIBLE><TAB_ORDER>1</TAB_ORDER></RAD_TABS></HEADER><BODY ID="BODY"><RAD_TABS ID="TAB_MAIN"><TAB_NAME>TAB_MAIN</TAB_NAME><SCREEN_NAME>CVS_MAIN</SCREEN_NAME><TAB_LABEL/><RELEASE_TYPE>CUSTOM</RELEASE_TYPE><RELEASE_NAME>FCUBS_14.7.0.8.0_AIIB_Custom</RELEASE_NAME><DEPENDENT_ON/><TAB_TYPE/><TAB_VISIBLE>Y</TAB_VISIBLE><TAB_ORDER>1</TAB_ORDER><RAD_SECTIONS ID="SEC_1"><SECTION_ID/><DEPENDENT_ON/><SECTION_NAME>SEC_1</SECTION_NAME><SCREEN_PORTION>BODY</SCREEN_PORTION><TAB_NAME>TAB_MAIN</TAB_NAME><RELEASE_TYPE>CUSTOM</RELEASE_TYPE><RELEASE_NAME>FCUBS_14.7.0.8.0_AIIB_Custom</RELEASE_NAME><SEC_VISIBLE>Y</SEC_VISIBLE><SEC_ORDER>1</SEC_ORDER><COLLAPSE>N</COLLAPSE><SECTION_LBL/><MULTIPLE_SEC>N</MULTIPLE_SEC><RAD_PARTITIONS ID="1"><PARTITION_SL_NO>1</PARTITION_SL_NO><PARTITION_NAME>PART1</PARTITION_NAME><PARTITION_WIDTH>50</PARTITION_WIDTH><NO_OF_SUBPARTITIONS/><RELEASE_TYPE>CUSTOM</RELEASE_TYPE><RELEASE_NAME>FCUBS_14.7.0.8.0_AIIB_Custom</RELEASE_NAME></RAD_PARTITIONS><RAD_PARTITIONS ID="2"><PARTITION_SL_NO>2</PARTITION_SL_NO><PARTITION_NAME>PART2</PARTITION_NAME><PARTITION_WIDTH>50</PARTITION_WIDTH><NO_OF_SUBPARTITIONS/><RELEASE_TYPE>CUSTOM</RELEASE_TYPE><RELEASE_NAME>FCUBS_14.7.0.8.0_AIIB_Custom</RELEASE_NAME></RAD_PARTITIONS></RAD_SECTIONS></RAD_TABS></BODY><FOOTER ID="FOOTER"><RAD_TABS ID="TAB_FOOTER"><TAB_NAME>TAB_FOOTER</TAB_NAME><SCREEN_NAME>CVS_MAIN</SCREEN_NAME><TAB_LABEL/><RELEASE_TYPE>CUSTOM</RELEASE_TYPE><RELEASE_NAME>FCUBS_14.7.0.8.0_AIIB_Custom</RELEASE_NAME><DEPENDENT_ON/><TAB_TYPE/><TAB_VISIBLE>Y</TAB_VISIBLE><TAB_ORDER>1</TAB_ORDER></RAD_TABS></FOOTER></RAD_SCREENS><RAD_DATA_BLOCKS ID="BLK_MAIN"><BLOCK_NAME>BLK_MAIN</BLOCK_NAME><BLOCK_TITLE/><MASTER_BLOCK>Y</MASTER_BLOCK><VIEW_TYPE/><MULTI_RECORD>N</MULTI_RECORD><BLOCK_PARENT/><XSD_NODE>Main</XSD_NODE><RELATION_TYPE>1</RELATION_TYPE><ROWS_PER_PAGE/><BLOCK_TYPE>NORMAL</BLOCK_TYPE><RELEASE_TYPE>CUSTOM</RELEASE_TYPE><RELEASE_NAME>FCUBS_14.7.0.8.0_AIIB_Custom</RELEASE_NAME><NEW_ALLOWED_IN/><DELETE_ALLOWED_IN/><ALL_RECORDS/><MANDATORY_IN/><BLK_PK_FLD/><DATA_BLK_ORDER>1</DATA_BLK_ORDER><BLK_COMMENT_ID/><RAD_BLK_FIELDS ID="PM_AC_NO"><BLOCK_PK_FLD>N</BLOCK_PK_FLD><FIELD_NAME>PM_AC_NO</FIELD_NAME><FIELD_SIZE>30</FIELD_SIZE><DATATYPE>VARCHAR2</DATATYPE><MAX_LENGTH>1000</MAX_LENGTH><REQUIRED>N</REQUIRED><DISPLAY_TYPE>LOV</DISPLAY_TYPE><CLASSID/><LABEL_CODE>LBL_PM_AC_NO</LABEL_CODE><DEFAULT_VALUE/><RELATED_BLOCK/><RELATED_FIELD/><PARENT_FIELD/><LOV_NAME>LOV_AC_NO</LOV_NAME><GLOBAL_LOV_NAME/><OFF_LINE_LOV_NAME/><GLOBAL_OFF_LINE_LOV_NAME/><POPEDIT_REQUIRED>N</POPEDIT_REQUIRED><INPUT_ONLY_BY_LOV>N</INPUT_ONLY_BY_LOV><XSD_TAG>PM_AC_NO</XSD_TAG><DBT>CSTB_UI_COLUMNS</DBT><DBC>CHAR_FIELD1</DBC><FIELDSET_NAME>FST_MAIN</FIELDSET_NAME><READ_ONLY>N</READ_ONLY><CALENDAR_TEXT>N</CALENDAR_TEXT><SUBSYSTEM_DEPENDANT>N</SUBSYSTEM_DEPENDANT><MIN_VAL/><MAX_VAL/><MAX_DECIMALS/><CHECKED>N</CHECKED><TXTAREA_ROWS/><ITEM_TYPE>DBITEM</ITEM_TYPE><VISIBLE>Y</VISIBLE><CHK_UPPERCASE>N</CHK_UPPERCASE><TXTAREA_COLS/><AMENDABLE_IN/><RELEASE_TYPE>CUSTOM</RELEASE_TYPE><RELEASE_NAME>FCUBS_14.7.0.8.0_AIIB_Custom</RELEASE_NAME><NOT_REQD_IN_XSD>N</NOT_REQD_IN_XSD><LOV_VAL_REQ>N</LOV_VAL_REQ><PREVIEW_VALUE/><MASK_ID/><BLK_FIELD_ORDER>1</BLK_FIELD_ORDER><REPORT_PARAMETER>Y</REPORT_PARAMETER><XSD_ANNOTATION/><FORMAT_REQD>N</FORMAT_REQD><HOTKEYREQ>N</HOTKEYREQ><FOCUSREQ>N</FOCUSREQ><EXACT_FETCH>N</EXACT_FETCH><HOTKEYREQJA>N</HOTKEYREQJA><FLD_COMMENT_ID/><CHK_TRIM/><RAD_RETURN_FIELDS ID="AC_NO"><QUERY_COLUMN>AC_NO</QUERY_COLUMN><RETURN_BLK_NAME>BLK_MAIN</RETURN_BLK_NAME><RETURN_FLD_NAME>PM_AC_NO</RETURN_FLD_NAME></RAD_RETURN_FIELDS></RAD_BLK_FIELDS><RAD_BLK_FIELDS ID="PM_AC_BRANCH"><BLOCK_PK_FLD>N</BLOCK_PK_FLD><FIELD_NAME>PM_AC_BRANCH</FIELD_NAME><FIELD_SIZE>10</FIELD_SIZE><DATATYPE>VARCHAR2</DATATYPE><MAX_LENGTH>1000</MAX_LENGTH><REQUIRED>N</REQUIRED><DISPLAY_TYPE>LOV</DISPLAY_TYPE><CLASSID/><LABEL_CODE>LBL_PM_AC_BRANCH</LABEL_CODE><DEFAULT_VALUE/><RELATED_BLOCK/><RELATED_FIELD/><PARENT_FIELD/><LOV_NAME>LOV_AC_BRANCH</LOV_NAME><GLOBAL_LOV_NAME/><OFF_LINE_LOV_NAME/><GLOBAL_OFF_LINE_LOV_NAME/><POPEDIT_REQUIRED>N</POPEDIT_REQUIRED><INPUT_ONLY_BY_LOV>N</INPUT_ONLY_BY_LOV><XSD_TAG>PM_AC_BRANCH</XSD_TAG><DBT>CSTB_UI_COLUMNS</DBT><DBC>CHAR_FIELD11</DBC><FIELDSET_NAME>FST_MAIN</FIELDSET_NAME><READ_ONLY>N</READ_ONLY><CALENDAR_TEXT>N</CALENDAR_TEXT><SUBSYSTEM_DEPENDANT>N</SUBSYSTEM_DEPENDANT><MIN_VAL/><MAX_VAL/><MAX_DECIMALS/><CHECKED>N</CHECKED><TXTAREA_ROWS/><ITEM_TYPE>DBITEM</ITEM_TYPE><VISIBLE>Y</VISIBLE><CHK_UPPERCASE>N</CHK_UPPERCASE><TXTAREA_COLS/><AMENDABLE_IN/><RELEASE_TYPE>CUSTOM</RELEASE_TYPE><RELEASE_NAME>FCUBS_14.7.0.8.0_AIIB_Custom</RELEASE_NAME><NOT_REQD_IN_XSD>N</NOT_REQD_IN_XSD><LOV_VAL_REQ>Y</LOV_VAL_REQ><PREVIEW_VALUE/><MASK_ID/><BLK_FIELD_ORDER>2</BLK_FIELD_ORDER><REPORT_PARAMETER>Y</REPORT_PARAMETER><XSD_ANNOTATION/><FORMAT_REQD>N</FORMAT_REQD><HOTKEYREQ>N</HOTKEYREQ><FOCUSREQ>N</FOCUSREQ><EXACT_FETCH>N</EXACT_FETCH><HOTKEYREQJA>N</HOTKEYREQJA><FLD_COMMENT_ID/><CHK_TRIM/><RAD_RETURN_FIELDS ID="BRANCH_CODE"><QUERY_COLUMN>BRANCH_CODE</QUERY_COLUMN><RETURN_BLK_NAME>BLK_MAIN</RETURN_BLK_NAME><RETURN_FLD_NAME>PM_AC_BRANCH</RETURN_FLD_NAME></RAD_RETURN_FIELDS></RAD_BLK_FIELDS><RAD_BLK_FIELDS ID="PM_FROM_DATE"><BLOCK_PK_FLD>N</BLOCK_PK_FLD><FIELD_NAME>PM_FROM_DATE</FIELD_NAME><FIELD_SIZE/><DATATYPE>VARCHAR2</DATATYPE><MAX_LENGTH>1000</MAX_LENGTH><REQUIRED>N</REQUIRED><DISPLAY_TYPE>DATE</DISPLAY_TYPE><CLASSID/><LABEL_CODE>LBL_PM_FROM_DATE</LABEL_CODE><DEFAULT_VALUE/><RELATED_BLOCK/><RELATED_FIELD/><PARENT_FIELD/><LOV_NAME/><GLOBAL_LOV_NAME/><OFF_LINE_LOV_NAME/><GLOBAL_OFF_LINE_LOV_NAME/><POPEDIT_REQUIRED>N</POPEDIT_REQUIRED><INPUT_ONLY_BY_LOV>N</INPUT_ONLY_BY_LOV><XSD_TAG>PM_FROM_DATE</XSD_TAG><DBT>CSTB_UI_COLUMNS</DBT><DBC>CHAR_FIELD12</DBC><FIELDSET_NAME>FST_DATE</FIELDSET_NAME><READ_ONLY>N</READ_ONLY><CALENDAR_TEXT>N</CALENDAR_TEXT><SUBSYSTEM_DEPENDANT>N</SUBSYSTEM_DEPENDANT><MIN_VAL/><MAX_VAL/><MAX_DECIMALS/><CHECKED>N</CHECKED><TXTAREA_ROWS/><ITEM_TYPE>DBITEM</ITEM_TYPE><VISIBLE>Y</VISIBLE><CHK_UPPERCASE>N</CHK_UPPERCASE><TXTAREA_COLS/><AMENDABLE_IN/><RELEASE_TYPE>CUSTOM</RELEASE_TYPE><RELEASE_NAME>FCUBS_14.7.0.8.0_AIIB_Custom</RELEASE_NAME><NOT_REQD_IN_XSD>N</NOT_REQD_IN_XSD><LOV_VAL_REQ>N</LOV_VAL_REQ><PREVIEW_VALUE/><MASK_ID/><BLK_FIELD_ORDER>3</BLK_FIELD_ORDER><REPORT_PARAMETER>Y</REPORT_PARAMETER><XSD_ANNOTATION/><FORMAT_REQD>N</FORMAT_REQD><HOTKEYREQ>N</HOTKEYREQ><FOCUSREQ>N</FOCUSREQ><EXACT_FETCH>N</EXACT_FETCH><HOTKEYREQJA>N</HOTKEYREQJA><FLD_COMMENT_ID/><CHK_TRIM/></RAD_BLK_FIELDS><RAD_BLK_FIELDS ID="PM_TO_DATE"><BLOCK_PK_FLD>N</BLOCK_PK_FLD><FIELD_NAME>PM_TO_DATE</FIELD_NAME><FIELD_SIZE/><DATATYPE>VARCHAR2</DATATYPE><MAX_LENGTH>1000</MAX_LENGTH><REQUIRED>N</REQUIRED><DISPLAY_TYPE>DATE</DISPLAY_TYPE><CLASSID/><LABEL_CODE>LBL_PM_TO_DATE</LABEL_CODE><DEFAULT_VALUE/><RELATED_BLOCK/><RELATED_FIELD/><PARENT_FIELD/><LOV_NAME/><GLOBAL_LOV_NAME/><OFF_LINE_LOV_NAME/><GLOBAL_OFF_LINE_LOV_NAME/><POPEDIT_REQUIRED>N</POPEDIT_REQUIRED><INPUT_ONLY_BY_LOV>N</INPUT_ONLY_BY_LOV><XSD_TAG>PM_TO_DATE</XSD_TAG><DBT>CSTB_UI_COLUMNS</DBT><DBC>CHAR_FIELD13</DBC><FIELDSET_NAME>FST_DATE</FIELDSET_NAME><READ_ONLY>N</READ_ONLY><CALENDAR_TEXT>N</CALENDAR_TEXT><SUBSYSTEM_DEPENDANT>N</SUBSYSTEM_DEPENDANT><MIN_VAL/><MAX_VAL/><MAX_DECIMALS/><CHECKED>N</CHECKED><TXTAREA_ROWS/><ITEM_TYPE>DBITEM</ITEM_TYPE><VISIBLE>Y</VISIBLE><CHK_UPPERCASE>N</CHK_UPPERCASE><TXTAREA_COLS/><AMENDABLE_IN/><RELEASE_TYPE>CUSTOM</RELEASE_TYPE><RELEASE_NAME>FCUBS_14.7.0.8.0_AIIB_Custom</RELEASE_NAME><NOT_REQD_IN_XSD>N</NOT_REQD_IN_XSD><LOV_VAL_REQ>N</LOV_VAL_REQ><PREVIEW_VALUE/><MASK_ID/><BLK_FIELD_ORDER>4</BLK_FIELD_ORDER><REPORT_PARAMETER>Y</REPORT_PARAMETER><XSD_ANNOTATION/><FORMAT_REQD>N</FORMAT_REQD><HOTKEYREQ>N</HOTKEYREQ><FOCUSREQ>N</FOCUSREQ><EXACT_FETCH>N</EXACT_FETCH><HOTKEYREQJA>N</HOTKEYREQJA><FLD_COMMENT_ID/><CHK_TRIM/></RAD_BLK_FIELDS><BLK_DATASOURCES ID="CSTB_UI_COLUMNS"><DATASOURCE_NAME>CSTB_UI_COLUMNS</DATASOURCE_NAME></BLK_DATASOURCES><RAD_BLK_FIELDS ID="PM_AC_CCY"><BLOCK_PK_FLD>N</BLOCK_PK_FLD><FIELD_NAME>PM_AC_CCY</FIELD_NAME><FIELD_SIZE>10</FIELD_SIZE><DATATYPE>VARCHAR2</DATATYPE><MAX_LENGTH>1000</MAX_LENGTH><REQUIRED>Y</REQUIRED><DISPLAY_TYPE>LOV</DISPLAY_TYPE><CLASSID/><LABEL_CODE>LBL_PM_AC_CCY</LABEL_CODE><DEFAULT_VALUE/><RELATED_BLOCK/><RELATED_FIELD/><PARENT_FIELD/><LOV_NAME>LOV_AC_CCY</LOV_NAME><GLOBAL_LOV_NAME/><OFF_LINE_LOV_NAME/><GLOBAL_OFF_LINE_LOV_NAME/><POPEDIT_REQUIRED>N</POPEDIT_REQUIRED><INPUT_ONLY_BY_LOV>N</INPUT_ONLY_BY_LOV><XSD_TAG>PM_AC_CCY</XSD_TAG><DBT>CSTB_UI_COLUMNS</DBT><DBC>CHAR_FIELD14</DBC><FIELDSET_NAME>FST_MAIN</FIELDSET_NAME><READ_ONLY>N</READ_ONLY><CALENDAR_TEXT>N</CALENDAR_TEXT><SUBSYSTEM_DEPENDANT>N</SUBSYSTEM_DEPENDANT><MIN_VAL/><MAX_VAL/><MAX_DECIMALS/><CHECKED>N</CHECKED><TXTAREA_ROWS/><ITEM_TYPE>DBITEM</ITEM_TYPE><VISIBLE>Y</VISIBLE><CHK_UPPERCASE>N</CHK_UPPERCASE><TXTAREA_COLS/><AMENDABLE_IN/><RELEASE_TYPE>CUSTOM</RELEASE_TYPE><RELEASE_NAME>FCUBS_14.7.0.8.0_AIIB_Custom</RELEASE_NAME><NOT_REQD_IN_XSD>N</NOT_REQD_IN_XSD><LOV_VAL_REQ>N</LOV_VAL_REQ><PREVIEW_VALUE/><MASK_ID/><BLK_FIELD_ORDER>5</BLK_FIELD_ORDER><REPORT_PARAMETER>Y</REPORT_PARAMETER><XSD_ANNOTATION/><FORMAT_REQD>N</FORMAT_REQD><HOTKEYREQ>N</HOTKEYREQ><FOCUSREQ>N</FOCUSREQ><EXACT_FETCH>N</EXACT_FETCH><HOTKEYREQJA>N</HOTKEYREQJA><FLD_COMMENT_ID/><CHK_TRIM/><RAD_RETURN_FIELDS ID="CCY_CODE"><QUERY_COLUMN>CCY_CODE</QUERY_COLUMN><RETURN_BLK_NAME>BLK_MAIN</RETURN_BLK_NAME><RETURN_FLD_NAME>PM_AC_CCY</RETURN_FLD_NAME></RAD_RETURN_FIELDS></RAD_BLK_FIELDS></RAD_DATA_BLOCKS><RAD_FIELDSETS ID="FST_MAIN"><FIELDSET_NAME>FST_MAIN</FIELDSET_NAME><FIELDSET_SCREEN>CVS_MAIN</FIELDSET_SCREEN><FIELDSET_PORTION>BODY</FIELDSET_PORTION><FIELDSET_BLOCK>BLK_MAIN</FIELDSET_BLOCK><FIELDSET_TAB>TAB_MAIN</FIELDSET_TAB><FIELDSET_SECTION>SEC_1</FIELDSET_SECTION><FIELDSET_PARTITION>PART1</FIELDSET_PARTITION><VIEW_TYPE>SINGLE</VIEW_TYPE><HORIZONTAL_FIELDSET>N</HORIZONTAL_FIELDSET><MULTI_RECORD>N</MULTI_RECORD><FIELDSET_LABEL/><NAV_BUTTONS_REQ>N</NAV_BUTTONS_REQ><FIELDSET_HEIGHT/><FIELDSET_WIDTH/><RELEASE_TYPE>CUSTOM</RELEASE_TYPE><RELEASE_NAME>FCUBS_14.7.0.8.0_AIIB_Custom</RELEASE_NAME><ROWS_PER_PAGE/><FIELDSET_VISIBLE>Y</FIELDSET_VISIBLE><FIELDSET_ORDER>1</FIELDSET_ORDER><FIELDSET_READ_ONLY>N</FIELDSET_READ_ONLY><FIELDSET_TYPE>Normal</FIELDSET_TYPE><NAV_BTN_FULL_WIDTH>N</NAV_BTN_FULL_WIDTH><FIELDSET_IMAGE>N</FIELDSET_IMAGE><FIELDSET_FIELDS ID="PM_AC_NO"><FIELD_NAME>PM_AC_NO</FIELD_NAME><DBT/><SUBPARTITION_NAME/><RELEASE_TYPE>CUSTOM</RELEASE_TYPE><RELEASE_NAME>FCUBS_14.7.0.8.0_AIIB_Custom</RELEASE_NAME><ACTIVE>Y</ACTIVE><FIELD_ORDER>1</FIELD_ORDER></FIELDSET_FIELDS><FIELDSET_FIELDS ID="PM_AC_BRANCH"><FIELD_NAME>PM_AC_BRANCH</FIELD_NAME><DBT/><SUBPARTITION_NAME/><RELEASE_TYPE>CUSTOM</RELEASE_TYPE><RELEASE_NAME>FCUBS_14.7.0.8.0_AIIB_Custom</RELEASE_NAME><ACTIVE>Y</ACTIVE><FIELD_ORDER>2</FIELD_ORDER></FIELDSET_FIELDS><FIELDSET_FIELDS ID="PM_AC_CCY"><FIELD_NAME>PM_AC_CCY</FIELD_NAME><DBT/><SUBPARTITION_NAME/><RELEASE_TYPE>CUSTOM</RELEASE_TYPE><RELEASE_NAME>FCUBS_14.7.0.8.0_AIIB_Custom</RELEASE_NAME><ACTIVE>Y</ACTIVE><FIELD_ORDER>3</FIELD_ORDER></FIELDSET_FIELDS></RAD_FIELDSETS><RAD_FIELDSETS ID="FST_DATE"><FIELDSET_NAME>FST_DATE</FIELDSET_NAME><FIELDSET_SCREEN>CVS_MAIN</FIELDSET_SCREEN><FIELDSET_PORTION>BODY</FIELDSET_PORTION><FIELDSET_BLOCK>BLK_MAIN</FIELDSET_BLOCK><FIELDSET_TAB>TAB_MAIN</FIELDSET_TAB><FIELDSET_SECTION>SEC_1</FIELDSET_SECTION><FIELDSET_PARTITION>PART2</FIELDSET_PARTITION><VIEW_TYPE>SINGLE</VIEW_TYPE><HORIZONTAL_FIELDSET>N</HORIZONTAL_FIELDSET><MULTI_RECORD>N</MULTI_RECORD><FIELDSET_LABEL/><NAV_BUTTONS_REQ>N</NAV_BUTTONS_REQ><FIELDSET_HEIGHT/><FIELDSET_WIDTH/><RELEASE_TYPE>CUSTOM</RELEASE_TYPE><RELEASE_NAME>FCUBS_14.7.0.8.0_AIIB_Custom</RELEASE_NAME><ROWS_PER_PAGE/><FIELDSET_VISIBLE>Y</FIELDSET_VISIBLE><FIELDSET_ORDER>2</FIELDSET_ORDER><FIELDSET_READ_ONLY>N</FIELDSET_READ_ONLY><FIELDSET_TYPE>Normal</FIELDSET_TYPE><NAV_BTN_FULL_WIDTH>N</NAV_BTN_FULL_WIDTH><FIELDSET_IMAGE>N</FIELDSET_IMAGE><FIELDSET_FIELDS ID="PM_FROM_DATE"><FIELD_NAME>PM_FROM_DATE</FIELD_NAME><DBT/><SUBPARTITION_NAME/><RELEASE_TYPE>CUSTOM</RELEASE_TYPE><RELEASE_NAME>FCUBS_14.7.0.8.0_AIIB_Custom</RELEASE_NAME><ACTIVE>Y</ACTIVE><FIELD_ORDER>1</FIELD_ORDER></FIELDSET_FIELDS><FIELDSET_FIELDS ID="PM_TO_DATE"><FIELD_NAME>PM_TO_DATE</FIELD_NAME><DBT/><SUBPARTITION_NAME/><RELEASE_TYPE>CUSTOM</RELEASE_TYPE><RELEASE_NAME>FCUBS_14.7.0.8.0_AIIB_Custom</RELEASE_NAME><ACTIVE>Y</ACTIVE><FIELD_ORDER>2</FIELD_ORDER></FIELDSET_FIELDS></RAD_FIELDSETS><RAD_LOVS ID="LOV_AC_NO"><LOV_NAME>LOV_AC_NO</LOV_NAME><LOV_QUERY>select distinct(ac_no) from acvw_all_ac_entries</LOV_QUERY><RELEASE_NAME>FCUBS_14.7.0.8.0_AIIB_Custom</RELEASE_NAME><RELEASE_TYPE>CUSTOM</RELEASE_TYPE><LOV_STATUS/><EXTERNAL_LOV_NAME/><LOV_FUNC_NAME/><COMBINED_QUERY_DTLS/><COMBINED_DTLS/><NO_DATA_FRM_EXT_SYS_PREF/><LOV_ID_OTHER/><RAD_LOV_DETAILS ID="AC_NO"><QUERY_COLS>AC_NO</QUERY_COLS><DATATYPE>VARCHAR2</DATATYPE><VISIBLE>Y</VISIBLE><REDN_FLD_TYPE>TEXT</REDN_FLD_TYPE><COL_HEADING>LBL_ACC_NUMBER</COL_HEADING><REDN_FLD_FLAG>Y</REDN_FLD_FLAG><IS_INDEXED>N</IS_INDEXED><MIN_SEARCH_CHAR_LEN/></RAD_LOV_DETAILS></RAD_LOVS><RAD_LOVS ID="LOV_AC_BRANCH"><LOV_NAME>LOV_AC_BRANCH</LOV_NAME><LOV_QUERY>select branch_code from sttm_branch</LOV_QUERY><RELEASE_NAME>FCUBS_14.7.0.8.0_AIIB_Custom</RELEASE_NAME><RELEASE_TYPE>CUSTOM</RELEASE_TYPE><LOV_STATUS/><EXTERNAL_LOV_NAME/><LOV_FUNC_NAME/><COMBINED_QUERY_DTLS/><COMBINED_DTLS/><NO_DATA_FRM_EXT_SYS_PREF/><LOV_ID_OTHER/><RAD_LOV_DETAILS ID="BRANCH_CODE"><QUERY_COLS>BRANCH_CODE</QUERY_COLS><DATATYPE>VARCHAR2</DATATYPE><VISIBLE>Y</VISIBLE><REDN_FLD_TYPE>TEXT</REDN_FLD_TYPE><COL_HEADING>LBL_AC_BRANCH</COL_HEADING><REDN_FLD_FLAG>Y</REDN_FLD_FLAG><IS_INDEXED>N</IS_INDEXED><MIN_SEARCH_CHAR_LEN/></RAD_LOV_DETAILS></RAD_LOVS><RAD_LOVS ID="LOV_AC_CCY"><LOV_NAME>LOV_AC_CCY</LOV_NAME><LOV_QUERY>SELECT CCY_CODE FROM CYTM_CCY_DEFN_MASTER</LOV_QUERY><RELEASE_NAME>FCUBS_14.7.0.8.0_AIIB_Custom</RELEASE_NAME><RELEASE_TYPE>CUSTOM</RELEASE_TYPE><LOV_STATUS/><EXTERNAL_LOV_NAME/><LOV_FUNC_NAME/><COMBINED_QUERY_DTLS/><COMBINED_DTLS/><NO_DATA_FRM_EXT_SYS_PREF/><LOV_ID_OTHER/><RAD_LOV_DETAILS ID="CCY_CODE"><QUERY_COLS>CCY_CODE</QUERY_COLS><DATATYPE>VARCHAR2</DATATYPE><VISIBLE>Y</VISIBLE><REDN_FLD_TYPE>TEXT</REDN_FLD_TYPE><COL_HEADING>LBL_CCY_CODE</COL_HEADING><REDN_FLD_FLAG>Y</REDN_FLD_FLAG><IS_INDEXED>N</IS_INDEXED><MIN_SEARCH_CHAR_LEN/></RAD_LOV_DETAILS></RAD_LOVS><RAD_ACTIONS><SERVICE_NAME/><REST_SERVICE_NAME/><OPERATION_ID/><RAD_XSD_TYPE_NAME/><XSD_MODULE_FOLDER/></RAD_ACTIONS></RAD_CUSTOM></RAD_FUNCTIONS>