<?xml version='1.0' encoding='UTF-8'?><FORM><SCREEN NAME="CVS_MAIN" MAIN_WIN="Y" TITLE="" POSITION="template" TMP_SCR_TYPE="M"><EXIT_BTN>2</EXIT_BTN><HEADER><TAB ID="TAB_HEADER"><LBL/></TAB></HEADER><BODY><TAB ID="TAB_MAIN"><LBL/><SECTION ID="SEC_1" COLLAPSE="N"><LBL/><PART ID="PART1" NAME="PART1" WIDTH="100"><FLDSET ID="FST_LOAN_ACCOUNT" VIEW="SE" TYPE="SE" INDEX="1"><LBL/><BLOCK>BLK_CL_ACCOUNT</BLOCK><HREQ>0</HREQ><HEIGHT/><WIDTH/><FIELD INDEX="" CONTROL="N"><NAME>PM_LOAN_ACCOUNT</NAME><TYPE>TEXT</TYPE><LBL>Loan Account</LBL><MAXLENGTH>1000</MAXLENGTH><DTYPE>VARCHAR2</DTYPE><SIZE>30</SIZE><ROWS/><COLS/><LOV><NAME>LOV_CL_ACCOUNT</NAME><TYPE>L</TYPE></LOV></FIELD></FLDSET></PART></SECTION><SECTION ID="SEC_REPORT_OPTIONS" NAME="SEC_REPORT_OPTIONS"><LBL/><PART ID="REPORT_OPTIONS_PART_1" NAME="REPORT_OPTIONS_PART_1" WIDTH="100"><SPRTCNT>2</SPRTCNT><FLDSET ID="FLD_REPORT_OPTIONS_1" VIEW="SE" TYPE="SE" INDEX="1"><LBL/><BLOCK>BLK_REPORT_OPTIONS</BLOCK><HREQ>0</HREQ><HEIGHT/><WIDTH/><FIELD INDEX="1" SPRT="1"><NAME>REPREF</NAME><ID>REPREF</ID><TYPE>HIDDEN</TYPE><CHECKED>N</CHECKED><LBL>Function Id</LBL><MAXLENGTH>1</MAXLENGTH><DTYPE>CHAR</DTYPE><SIZE>1</SIZE><ROWS/><COLS/></FIELD><FIELD INDEX="2" SPRT="1"><NAME>REPFID</NAME><ID>REPFID</ID><TYPE>HIDDEN</TYPE><CHECKED>N</CHECKED><LBL>Function Id</LBL><MAXLENGTH>1</MAXLENGTH><DTYPE>CHAR</DTYPE><SIZE>1</SIZE><ROWS/><COLS/></FIELD><FIELD INDEX="3" SPRT="1"><NAME>FILEPATH</NAME><ID>FILEPATH</ID><TYPE>HIDDEN</TYPE><CHECKED>N</CHECKED><LBL>File Path</LBL><MAXLENGTH>1</MAXLENGTH><DTYPE>CHAR</DTYPE><SIZE>1</SIZE><ROWS/><COLS/></FIELD><FIELD INDEX="4" SPRT="1"><NAME>FILENAME</NAME><ID>FILENAME</ID><TYPE>HIDDEN</TYPE><LBL>File Name</LBL><MAXLENGTH>32000</MAXLENGTH><READ_ONLY>-1</READ_ONLY><DTYPE>VARCHAR</DTYPE><SIZE>4</SIZE><WIDTH>3</WIDTH><ROWS/><COLS/></FIELD><FIELD INDEX="5" SPRT="1"><NAME>REPFMT</NAME><ID>REPFMT</ID><TYPE>SELECT</TYPE><CHECKED>N</CHECKED><OPTION SELECTED="0" VALUE="pdf">PDF</OPTION><OPTION VALUE="html">HTML</OPTION><OPTION VALUE="xls">Excel</OPTION><OPTION VALUE="xlsx">Excel(*.xlsx)</OPTION><OPTION VALUE="rtf">RTF</OPTION><LBL>Report Format</LBL><MAXLENGTH>1</MAXLENGTH><DTYPE>CHAR</DTYPE><SIZE>1</SIZE><ROWS/><COLS/></FIELD><FIELD INDEX="6" SPRT="1"><NAME>REPOUTPUT</NAME><ID>REPOUTPUT</ID><TYPE>SELECT</TYPE><CHECKED>N</CHECKED><OPTION SELECTED="0" VALUE="V">View</OPTION><OPTION VALUE="P">Print</OPTION><OPTION VALUE="S">Spool</OPTION><LBL>Report Output</LBL><MAXLENGTH>1</MAXLENGTH><DTYPE>CHAR</DTYPE><SIZE>1</SIZE><ROWS/><COLS/></FIELD><FIELD INDEX="7" SPRT="1"><NAME>PARAMNAMES</NAME><ID>PARAMNAMES</ID><TYPE>HIDDEN</TYPE><LBL>Parameter Names</LBL><MAXLENGTH>32000</MAXLENGTH><READ_ONLY>-1</READ_ONLY><DTYPE>VARCHAR2</DTYPE><SIZE>4</SIZE><ROWS/><COLS/></FIELD><FIELD INDEX="1" SPRT="2"><NAME>GENMODE</NAME><ID>GENMODE</ID><TYPE>HIDDEN</TYPE><LBL>Generation Mode</LBL><MAXLENGTH>32000</MAXLENGTH><READ_ONLY>-1</READ_ONLY><DTYPE>VARCHAR</DTYPE><SIZE>4</SIZE><WIDTH>3</WIDTH><ROWS/><COLS/></FIELD><FIELD INDEX="2" SPRT="2"><NAME>PRINTAT</NAME><ID>PRINTAT</ID><TYPE>SELECT</TYPE><CHECKED>N</CHECKED><OPTION SELECTED="0" VALUE="C">Client</OPTION><OPTION VALUE="S">Server</OPTION><LBL>Printer At</LBL><MAXLENGTH>1</MAXLENGTH><DTYPE>CHAR</DTYPE><SIZE>1</SIZE><ROWS/><COLS/></FIELD><FIELD INDEX="3" SPRT="2"><NAME>PRINTER</NAME><ID>PRINTER</ID><TYPE>TEXT</TYPE><LBL>Printer</LBL><MAXLENGTH>15</MAXLENGTH><DTYPE>VARCHAR2</DTYPE><SIZE>15</SIZE><WIDTH>3</WIDTH><ROWS/><COLS/><LOV><NAME>LOV_EXTRPT_PRINTER</NAME><TYPE>G</TYPE></LOV></FIELD><FIELD INDEX="4" SPRT="2"><NAME>PARAMVALS</NAME><ID>PARAMVALS</ID><TYPE>HIDDEN</TYPE><LBL>Parameter Values</LBL><MAXLENGTH>32000</MAXLENGTH><READ_ONLY>-1</READ_ONLY><HIDDEN>-1</HIDDEN><DTYPE>VARCHAR</DTYPE><SIZE>4</SIZE><WIDTH>3</WIDTH><ROWS/><COLS/></FIELD><FIELD INDEX="5" SPRT="2"><NAME>PARAMTYPES</NAME><ID>FILENAME</ID><TYPE>HIDDEN</TYPE><LBL>File Name</LBL><MAXLENGTH>32000</MAXLENGTH><READ_ONLY>-1</READ_ONLY><DTYPE>VARCHAR</DTYPE><SIZE>4</SIZE><WIDTH>3</WIDTH><ROWS/><COLS/></FIELD></FLDSET></PART></SECTION></TAB></BODY><FOOTER><TAB ID="TAB_FOOTER"><LBL/></TAB></FOOTER></SCREEN></FORM>